ID,Line,Severity,Issue summary,Issue description,Property names,Property values,Error blocks capability,Capabilities
insp_cbf82184-2324-409d-b07e-276d29497d32,202711,Item not uploaded,일부 제품 콘텐츠 ID가 일치하지 않음,"보충할 항목의 제품 콘텐츠 ID가 카탈로그에 있는 ID와 일치하지 않습니다. 보조 피드는 제품 상세 정보만 추가하거나 덮어쓸 수 있으며 항목을 만들거나 삭제할 수 없습니다.",id,"",false,
insp_4848dd61-46a4-441c-8493-5a35fa18246d,202315,Item not uploaded,일부 제품 콘텐츠 ID가 일치하지 않음,"보충할 항목의 제품 콘텐츠 ID가 카탈로그에 있는 ID와 일치하지 않습니다. 보조 피드는 제품 상세 정보만 추가하거나 덮어쓸 수 있으며 항목을 만들거나 삭제할 수 없습니다.",id,"",false,
insp_e4185522-35f5-4461-9227-ba96772f1434,201679,Item not uploaded,일부 제품 콘텐츠 ID가 일치하지 않음,"보충할 항목의 제품 콘텐츠 ID가 카탈로그에 있는 ID와 일치하지 않습니다. 보조 피드는 제품 상세 정보만 추가하거나 덮어쓸 수 있으며 항목을 만들거나 삭제할 수 없습니다.",id,"",false,
insp_ef5765a8-e0a2-4d6d-b71a-1fe8e4e54f05,202543,Item not uploaded,일부 제품 콘텐츠 ID가 일치하지 않음,"보충할 항목의 제품 콘텐츠 ID가 카탈로그에 있는 ID와 일치하지 않습니다. 보조 피드는 제품 상세 정보만 추가하거나 덮어쓸 수 있으며 항목을 만들거나 삭제할 수 없습니다.",id,"",false,
insp_f32ada7e-6b89-45a2-a8bf-e912ffa1a313,202267,Item not uploaded,일부 제품 콘텐츠 ID가 일치하지 않음,"보충할 항목의 제품 콘텐츠 ID가 카탈로그에 있는 ID와 일치하지 않습니다. 보조 피드는 제품 상세 정보만 추가하거나 덮어쓸 수 있으며 항목을 만들거나 삭제할 수 없습니다.",id,"",false,
insp_3c7fdc06-6a09-4e8d-8eed-fc321859cca7,202039,Item not uploaded,일부 제품 콘텐츠 ID가 일치하지 않음,"보충할 항목의 제품 콘텐츠 ID가 카탈로그에 있는 ID와 일치하지 않습니다. 보조 피드는 제품 상세 정보만 추가하거나 덮어쓸 수 있으며 항목을 만들거나 삭제할 수 없습니다.",id,"",false,
insp_050a8892-1748-41f8-bb40-c048d03e8644,202339,Item not uploaded,일부 제품 콘텐츠 ID가 일치하지 않음,"보충할 항목의 제품 콘텐츠 ID가 카탈로그에 있는 ID와 일치하지 않습니다. 보조 피드는 제품 상세 정보만 추가하거나 덮어쓸 수 있으며 항목을 만들거나 삭제할 수 없습니다.",id,"",false,
insp_bf63f3ac-c4d8-4efa-9abd-389643fcc54d,202363,Item not uploaded,일부 제품 콘텐츠 ID가 일치하지 않음,"보충할 항목의 제품 콘텐츠 ID가 카탈로그에 있는 ID와 일치하지 않습니다. 보조 피드는 제품 상세 정보만 추가하거나 덮어쓸 수 있으며 항목을 만들거나 삭제할 수 없습니다.",id,"",false,
insp_3f4cb07e-1cab-473f-ae25-10880b34896e,202675,Item not uploaded,일부 제품 콘텐츠 ID가 일치하지 않음,"보충할 항목의 제품 콘텐츠 ID가 카탈로그에 있는 ID와 일치하지 않습니다. 보조 피드는 제품 상세 정보만 추가하거나 덮어쓸 수 있으며 항목을 만들거나 삭제할 수 없습니다.",id,"",false,
insp_da360002-7e3d-4c67-9525-3e797f34e665,202327,Item not uploaded,일부 제품 콘텐츠 ID가 일치하지 않음,"보충할 항목의 제품 콘텐츠 ID가 카탈로그에 있는 ID와 일치하지 않습니다. 보조 피드는 제품 상세 정보만 추가하거나 덮어쓸 수 있으며 항목을 만들거나 삭제할 수 없습니다.",id,"",false,
insp_d778cd67-fd65-4dbe-977d-61bc1a16a34c,201979,Item not uploaded,일부 제품 콘텐츠 ID가 일치하지 않음,"보충할 항목의 제품 콘텐츠 ID가 카탈로그에 있는 ID와 일치하지 않습니다. 보조 피드는 제품 상세 정보만 추가하거나 덮어쓸 수 있으며 항목을 만들거나 삭제할 수 없습니다.",id,"",false,
insp_f8154401-3acb-4a83-8e18-6b6c5bb59855,202135,Item not uploaded,일부 제품 콘텐츠 ID가 일치하지 않음,"보충할 항목의 제품 콘텐츠 ID가 카탈로그에 있는 ID와 일치하지 않습니다. 보조 피드는 제품 상세 정보만 추가하거나 덮어쓸 수 있으며 항목을 만들거나 삭제할 수 없습니다.",id,"",false,
insp_45f4dfb7-612e-47d0-8b25-ef37792ee191,202591,Item not uploaded,일부 제품 콘텐츠 ID가 일치하지 않음,"보충할 항목의 제품 콘텐츠 ID가 카탈로그에 있는 ID와 일치하지 않습니다. 보조 피드는 제품 상세 정보만 추가하거나 덮어쓸 수 있으며 항목을 만들거나 삭제할 수 없습니다.",id,"",false,
insp_0a0116db-2a0f-4f93-b2c7-4f56463cf27b,202519,Item not uploaded,일부 제품 콘텐츠 ID가 일치하지 않음,"보충할 항목의 제품 콘텐츠 ID가 카탈로그에 있는 ID와 일치하지 않습니다. 보조 피드는 제품 상세 정보만 추가하거나 덮어쓸 수 있으며 항목을 만들거나 삭제할 수 없습니다.",id,"",false,
insp_f70e2948-cace-44d4-8809-c7e864dbce10,202399,Item not uploaded,일부 제품 콘텐츠 ID가 일치하지 않음,"보충할 항목의 제품 콘텐츠 ID가 카탈로그에 있는 ID와 일치하지 않습니다. 보조 피드는 제품 상세 정보만 추가하거나 덮어쓸 수 있으며 항목을 만들거나 삭제할 수 없습니다.",id,"",false,
insp_60930597-ebf0-4ab0-a62b-220e5a4b654e,202735,Item not uploaded,일부 제품 콘텐츠 ID가 일치하지 않음,"보충할 항목의 제품 콘텐츠 ID가 카탈로그에 있는 ID와 일치하지 않습니다. 보조 피드는 제품 상세 정보만 추가하거나 덮어쓸 수 있으며 항목을 만들거나 삭제할 수 없습니다.",id,"",false,
insp_a4188cc6-7284-488f-aba0-8bbd77bb17ca,201847,Item not uploaded,일부 제품 콘텐츠 ID가 일치하지 않음,"보충할 항목의 제품 콘텐츠 ID가 카탈로그에 있는 ID와 일치하지 않습니다. 보조 피드는 제품 상세 정보만 추가하거나 덮어쓸 수 있으며 항목을 만들거나 삭제할 수 없습니다.",id,"",false,
insp_2151e3f4-9355-40b8-b46e-102978d53359,201631,Item not uploaded,일부 제품 콘텐츠 ID가 일치하지 않음,"보충할 항목의 제품 콘텐츠 ID가 카탈로그에 있는 ID와 일치하지 않습니다. 보조 피드는 제품 상세 정보만 추가하거나 덮어쓸 수 있으며 항목을 만들거나 삭제할 수 없습니다.",id,"",false,
insp_87bf07c2-b5c7-46af-a5d4-a8fe8bf1c0b9,202351,Item not uploaded,일부 제품 콘텐츠 ID가 일치하지 않음,"보충할 항목의 제품 콘텐츠 ID가 카탈로그에 있는 ID와 일치하지 않습니다. 보조 피드는 제품 상세 정보만 추가하거나 덮어쓸 수 있으며 항목을 만들거나 삭제할 수 없습니다.",id,"",false,
insp_0d6e45ab-1227-439c-b742-3b7fbfbc6647,202243,Item not uploaded,일부 제품 콘텐츠 ID가 일치하지 않음,"보충할 항목의 제품 콘텐츠 ID가 카탈로그에 있는 ID와 일치하지 않습니다. 보조 피드는 제품 상세 정보만 추가하거나 덮어쓸 수 있으며 항목을 만들거나 삭제할 수 없습니다.",id,"",false,
insp_707d017c-5944-4c94-ae55-2f9d372280ef,202099,Item not uploaded,일부 제품 콘텐츠 ID가 일치하지 않음,"보충할 항목의 제품 콘텐츠 ID가 카탈로그에 있는 ID와 일치하지 않습니다. 보조 피드는 제품 상세 정보만 추가하거나 덮어쓸 수 있으며 항목을 만들거나 삭제할 수 없습니다.",id,"",false,
insp_faef3ed2-e546-4deb-bfbf-7089469a002a,202063,Item not uploaded,일부 제품 콘텐츠 ID가 일치하지 않음,"보충할 항목의 제품 콘텐츠 ID가 카탈로그에 있는 ID와 일치하지 않습니다. 보조 피드는 제품 상세 정보만 추가하거나 덮어쓸 수 있으며 항목을 만들거나 삭제할 수 없습니다.",id,"",false,
insp_ef9d6a30-d102-4369-bb5e-eae7c28cbd2b,202291,Item not uploaded,일부 제품 콘텐츠 ID가 일치하지 않음,"보충할 항목의 제품 콘텐츠 ID가 카탈로그에 있는 ID와 일치하지 않습니다. 보조 피드는 제품 상세 정보만 추가하거나 덮어쓸 수 있으며 항목을 만들거나 삭제할 수 없습니다.",id,"",false,
insp_fea91b6e-1b6b-470f-9d0e-d28b1af31d8b,202195,Item not uploaded,일부 제품 콘텐츠 ID가 일치하지 않음,"보충할 항목의 제품 콘텐츠 ID가 카탈로그에 있는 ID와 일치하지 않습니다. 보조 피드는 제품 상세 정보만 추가하거나 덮어쓸 수 있으며 항목을 만들거나 삭제할 수 없습니다.",id,"",false,
insp_71e8d637-7bdd-4f70-8ec9-40eeafdd21c2,202159,Item not uploaded,일부 제품 콘텐츠 ID가 일치하지 않음,"보충할 항목의 제품 콘텐츠 ID가 카탈로그에 있는 ID와 일치하지 않습니다. 보조 피드는 제품 상세 정보만 추가하거나 덮어쓸 수 있으며 항목을 만들거나 삭제할 수 없습니다.",id,"",false,
insp_81874a6a-977d-45eb-ac1d-d63bb6d94e7f,202123,Item not uploaded,일부 제품 콘텐츠 ID가 일치하지 않음,"보충할 항목의 제품 콘텐츠 ID가 카탈로그에 있는 ID와 일치하지 않습니다. 보조 피드는 제품 상세 정보만 추가하거나 덮어쓸 수 있으며 항목을 만들거나 삭제할 수 없습니다.",id,"",false,
insp_414186f9-9848-4ce5-8baa-1ad538fa9289,202783,Item not uploaded,일부 제품 콘텐츠 ID가 일치하지 않음,"보충할 항목의 제품 콘텐츠 ID가 카탈로그에 있는 ID와 일치하지 않습니다. 보조 피드는 제품 상세 정보만 추가하거나 덮어쓸 수 있으며 항목을 만들거나 삭제할 수 없습니다.",id,"",false,
insp_03380c3b-ba28-4898-ae12-6f7cdbf892d1,202015,Item not uploaded,일부 제품 콘텐츠 ID가 일치하지 않음,"보충할 항목의 제품 콘텐츠 ID가 카탈로그에 있는 ID와 일치하지 않습니다. 보조 피드는 제품 상세 정보만 추가하거나 덮어쓸 수 있으며 항목을 만들거나 삭제할 수 없습니다.",id,"",false,
insp_21248622-185d-4261-b67f-abc6bdbd1544,201643,Item not uploaded,일부 제품 콘텐츠 ID가 일치하지 않음,"보충할 항목의 제품 콘텐츠 ID가 카탈로그에 있는 ID와 일치하지 않습니다. 보조 피드는 제품 상세 정보만 추가하거나 덮어쓸 수 있으며 항목을 만들거나 삭제할 수 없습니다.",id,"",false,
insp_6e694f7b-358c-42ab-86b2-b40087360e92,202651,Item not uploaded,일부 제품 콘텐츠 ID가 일치하지 않음,"보충할 항목의 제품 콘텐츠 ID가 카탈로그에 있는 ID와 일치하지 않습니다. 보조 피드는 제품 상세 정보만 추가하거나 덮어쓸 수 있으며 항목을 만들거나 삭제할 수 없습니다.",id,"",false,
insp_13a4385f-b33e-4ef2-a1da-3179da040608,201667,Item not uploaded,일부 제품 콘텐츠 ID가 일치하지 않음,"보충할 항목의 제품 콘텐츠 ID가 카탈로그에 있는 ID와 일치하지 않습니다. 보조 피드는 제품 상세 정보만 추가하거나 덮어쓸 수 있으며 항목을 만들거나 삭제할 수 없습니다.",id,"",false,
insp_155b527c-f416-47fc-bf84-117962693207,201691,Item not uploaded,일부 제품 콘텐츠 ID가 일치하지 않음,"보충할 항목의 제품 콘텐츠 ID가 카탈로그에 있는 ID와 일치하지 않습니다. 보조 피드는 제품 상세 정보만 추가하거나 덮어쓸 수 있으며 항목을 만들거나 삭제할 수 없습니다.",id,"",false,
insp_f55008bb-c8ff-4065-8532-0064055325fb,201715,Item not uploaded,일부 제품 콘텐츠 ID가 일치하지 않음,"보충할 항목의 제품 콘텐츠 ID가 카탈로그에 있는 ID와 일치하지 않습니다. 보조 피드는 제품 상세 정보만 추가하거나 덮어쓸 수 있으며 항목을 만들거나 삭제할 수 없습니다.",id,"",false,
insp_072adb7b-9917-4842-9858-009d84198bd5,201955,Item not uploaded,일부 제품 콘텐츠 ID가 일치하지 않음,"보충할 항목의 제품 콘텐츠 ID가 카탈로그에 있는 ID와 일치하지 않습니다. 보조 피드는 제품 상세 정보만 추가하거나 덮어쓸 수 있으며 항목을 만들거나 삭제할 수 없습니다.",id,"",false,
insp_9a3a9abb-4826-42c8-a412-a286a225c4d2,201823,Item not uploaded,일부 제품 콘텐츠 ID가 일치하지 않음,"보충할 항목의 제품 콘텐츠 ID가 카탈로그에 있는 ID와 일치하지 않습니다. 보조 피드는 제품 상세 정보만 추가하거나 덮어쓸 수 있으며 항목을 만들거나 삭제할 수 없습니다.",id,"",false,
insp_b1b3f3a7-eca4-43ab-9863-fae0beb69bf4,201775,Item not uploaded,일부 제품 콘텐츠 ID가 일치하지 않음,"보충할 항목의 제품 콘텐츠 ID가 카탈로그에 있는 ID와 일치하지 않습니다. 보조 피드는 제품 상세 정보만 추가하거나 덮어쓸 수 있으며 항목을 만들거나 삭제할 수 없습니다.",id,"",false,
insp_7edebac9-6ecc-4b7e-bdc5-de78a926caed,202423,Item not uploaded,일부 제품 콘텐츠 ID가 일치하지 않음,"보충할 항목의 제품 콘텐츠 ID가 카탈로그에 있는 ID와 일치하지 않습니다. 보조 피드는 제품 상세 정보만 추가하거나 덮어쓸 수 있으며 항목을 만들거나 삭제할 수 없습니다.",id,"",false,
insp_c6da02b8-d48e-4ec4-9fa7-d1436be1b797,202087,Item not uploaded,일부 제품 콘텐츠 ID가 일치하지 않음,"보충할 항목의 제품 콘텐츠 ID가 카탈로그에 있는 ID와 일치하지 않습니다. 보조 피드는 제품 상세 정보만 추가하거나 덮어쓸 수 있으며 항목을 만들거나 삭제할 수 없습니다.",id,"",false,
insp_44ba3a55-15ed-44a2-ac19-260b683757a4,202603,Item not uploaded,일부 제품 콘텐츠 ID가 일치하지 않음,"보충할 항목의 제품 콘텐츠 ID가 카탈로그에 있는 ID와 일치하지 않습니다. 보조 피드는 제품 상세 정보만 추가하거나 덮어쓸 수 있으며 항목을 만들거나 삭제할 수 없습니다.",id,"",false,
insp_fe3206d2-b268-452c-869b-e2123b17f997,202111,Item not uploaded,일부 제품 콘텐츠 ID가 일치하지 않음,"보충할 항목의 제품 콘텐츠 ID가 카탈로그에 있는 ID와 일치하지 않습니다. 보조 피드는 제품 상세 정보만 추가하거나 덮어쓸 수 있으며 항목을 만들거나 삭제할 수 없습니다.",id,"",false,
insp_6ac5ffa8-7de2-4797-9cee-29770765ac04,202687,Item not uploaded,일부 제품 콘텐츠 ID가 일치하지 않음,"보충할 항목의 제품 콘텐츠 ID가 카탈로그에 있는 ID와 일치하지 않습니다. 보조 피드는 제품 상세 정보만 추가하거나 덮어쓸 수 있으며 항목을 만들거나 삭제할 수 없습니다.",id,"",false,
insp_34f493d8-ee91-44c1-899a-d58458d4ed2d,201787,Item not uploaded,일부 제품 콘텐츠 ID가 일치하지 않음,"보충할 항목의 제품 콘텐츠 ID가 카탈로그에 있는 ID와 일치하지 않습니다. 보조 피드는 제품 상세 정보만 추가하거나 덮어쓸 수 있으며 항목을 만들거나 삭제할 수 없습니다.",id,"",false,
insp_62519c76-6224-4af8-8e1c-c2f4c1ec5cd7,202387,Item not uploaded,일부 제품 콘텐츠 ID가 일치하지 않음,"보충할 항목의 제품 콘텐츠 ID가 카탈로그에 있는 ID와 일치하지 않습니다. 보조 피드는 제품 상세 정보만 추가하거나 덮어쓸 수 있으며 항목을 만들거나 삭제할 수 없습니다.",id,"",false,
insp_be3cfe55-2d94-4cc9-927b-80d7a8e18281,202027,Item not uploaded,일부 제품 콘텐츠 ID가 일치하지 않음,"보충할 항목의 제품 콘텐츠 ID가 카탈로그에 있는 ID와 일치하지 않습니다. 보조 피드는 제품 상세 정보만 추가하거나 덮어쓸 수 있으며 항목을 만들거나 삭제할 수 없습니다.",id,"",false,
insp_6aa41758-77d8-4be6-aede-2fe13a2276a8,201991,Item not uploaded,일부 제품 콘텐츠 ID가 일치하지 않음,"보충할 항목의 제품 콘텐츠 ID가 카탈로그에 있는 ID와 일치하지 않습니다. 보조 피드는 제품 상세 정보만 추가하거나 덮어쓸 수 있으며 항목을 만들거나 삭제할 수 없습니다.",id,"",false,
insp_80398b0f-5029-4a64-9b50-3e6fb12e445d,202663,Item not uploaded,일부 제품 콘텐츠 ID가 일치하지 않음,"보충할 항목의 제품 콘텐츠 ID가 카탈로그에 있는 ID와 일치하지 않습니다. 보조 피드는 제품 상세 정보만 추가하거나 덮어쓸 수 있으며 항목을 만들거나 삭제할 수 없습니다.",id,"",false,
insp_9ddf7919-424d-4e1a-a315-841491b5b95f,202567,Item not uploaded,일부 제품 콘텐츠 ID가 일치하지 않음,"보충할 항목의 제품 콘텐츠 ID가 카탈로그에 있는 ID와 일치하지 않습니다. 보조 피드는 제품 상세 정보만 추가하거나 덮어쓸 수 있으며 항목을 만들거나 삭제할 수 없습니다.",id,"",false,
insp_d55a0100-3ca3-4c9d-a775-78db795153e9,202555,Item not uploaded,일부 제품 콘텐츠 ID가 일치하지 않음,"보충할 항목의 제품 콘텐츠 ID가 카탈로그에 있는 ID와 일치하지 않습니다. 보조 피드는 제품 상세 정보만 추가하거나 덮어쓸 수 있으며 항목을 만들거나 삭제할 수 없습니다.",id,"",false,
insp_938a8c66-4cda-4a71-9f22-1bbb29937471,201655,Item not uploaded,일부 제품 콘텐츠 ID가 일치하지 않음,"보충할 항목의 제품 콘텐츠 ID가 카탈로그에 있는 ID와 일치하지 않습니다. 보조 피드는 제품 상세 정보만 추가하거나 덮어쓸 수 있으며 항목을 만들거나 삭제할 수 없습니다.",id,"",false,
insp_c1227cbb-08f8-4354-a615-44b83dc7ec1b,201811,Item not uploaded,일부 제품 콘텐츠 ID가 일치하지 않음,"보충할 항목의 제품 콘텐츠 ID가 카탈로그에 있는 ID와 일치하지 않습니다. 보조 피드는 제품 상세 정보만 추가하거나 덮어쓸 수 있으며 항목을 만들거나 삭제할 수 없습니다.",id,"",false,
insp_1a59eda8-b2c1-44a5-a748-8049f12bf229,202771,Item not uploaded,일부 제품 콘텐츠 ID가 일치하지 않음,"보충할 항목의 제품 콘텐츠 ID가 카탈로그에 있는 ID와 일치하지 않습니다. 보조 피드는 제품 상세 정보만 추가하거나 덮어쓸 수 있으며 항목을 만들거나 삭제할 수 없습니다.",id,"",false,
insp_c4a04ade-2d3c-4186-a47a-1d1a5ea89181,202471,Item not uploaded,일부 제품 콘텐츠 ID가 일치하지 않음,"보충할 항목의 제품 콘텐츠 ID가 카탈로그에 있는 ID와 일치하지 않습니다. 보조 피드는 제품 상세 정보만 추가하거나 덮어쓸 수 있으며 항목을 만들거나 삭제할 수 없습니다.",id,"",false,
insp_397ef56c-781e-4eff-a623-e956fc0dd6d7,201895,Item not uploaded,일부 제품 콘텐츠 ID가 일치하지 않음,"보충할 항목의 제품 콘텐츠 ID가 카탈로그에 있는 ID와 일치하지 않습니다. 보조 피드는 제품 상세 정보만 추가하거나 덮어쓸 수 있으며 항목을 만들거나 삭제할 수 없습니다.",id,"",false,
insp_cbc60555-8984-4c06-9443-f938c9f0b769,202003,Item not uploaded,일부 제품 콘텐츠 ID가 일치하지 않음,"보충할 항목의 제품 콘텐츠 ID가 카탈로그에 있는 ID와 일치하지 않습니다. 보조 피드는 제품 상세 정보만 추가하거나 덮어쓸 수 있으며 항목을 만들거나 삭제할 수 없습니다.",id,"",false,
insp_38970518-9b03-44db-bd0e-0a118ddac177,202075,Item not uploaded,일부 제품 콘텐츠 ID가 일치하지 않음,"보충할 항목의 제품 콘텐츠 ID가 카탈로그에 있는 ID와 일치하지 않습니다. 보조 피드는 제품 상세 정보만 추가하거나 덮어쓸 수 있으며 항목을 만들거나 삭제할 수 없습니다.",id,"",false,
insp_e3069e07-9636-4db4-aaa1-4c834123cd48,201931,Item not uploaded,일부 제품 콘텐츠 ID가 일치하지 않음,"보충할 항목의 제품 콘텐츠 ID가 카탈로그에 있는 ID와 일치하지 않습니다. 보조 피드는 제품 상세 정보만 추가하거나 덮어쓸 수 있으며 항목을 만들거나 삭제할 수 없습니다.",id,"",false,
insp_01bc1c1d-f718-4379-89e5-43c1d0298b61,201871,Item not uploaded,일부 제품 콘텐츠 ID가 일치하지 않음,"보충할 항목의 제품 콘텐츠 ID가 카탈로그에 있는 ID와 일치하지 않습니다. 보조 피드는 제품 상세 정보만 추가하거나 덮어쓸 수 있으며 항목을 만들거나 삭제할 수 없습니다.",id,"",false,
insp_8bb7f92f-4cc7-44a9-92f2-5dfc18ceb1f4,201619,Item not uploaded,일부 제품 콘텐츠 ID가 일치하지 않음,"보충할 항목의 제품 콘텐츠 ID가 카탈로그에 있는 ID와 일치하지 않습니다. 보조 피드는 제품 상세 정보만 추가하거나 덮어쓸 수 있으며 항목을 만들거나 삭제할 수 없습니다.",id,"",false,
insp_995688bf-c453-41fb-8c40-ba7bbb9c0219,202411,Item not uploaded,일부 제품 콘텐츠 ID가 일치하지 않음,"보충할 항목의 제품 콘텐츠 ID가 카탈로그에 있는 ID와 일치하지 않습니다. 보조 피드는 제품 상세 정보만 추가하거나 덮어쓸 수 있으며 항목을 만들거나 삭제할 수 없습니다.",id,"",false,
insp_d123ba5c-776a-4f78-af59-c6ff211e6317,202699,Item not uploaded,일부 제품 콘텐츠 ID가 일치하지 않음,"보충할 항목의 제품 콘텐츠 ID가 카탈로그에 있는 ID와 일치하지 않습니다. 보조 피드는 제품 상세 정보만 추가하거나 덮어쓸 수 있으며 항목을 만들거나 삭제할 수 없습니다.",id,"",false,
insp_331e9926-9f7c-4c9f-a4b5-359d24f3d3ed,202459,Item not uploaded,일부 제품 콘텐츠 ID가 일치하지 않음,"보충할 항목의 제품 콘텐츠 ID가 카탈로그에 있는 ID와 일치하지 않습니다. 보조 피드는 제품 상세 정보만 추가하거나 덮어쓸 수 있으며 항목을 만들거나 삭제할 수 없습니다.",id,"",false,
insp_d762929f-31ba-486d-a777-0fbd83b26470,201799,Item not uploaded,일부 제품 콘텐츠 ID가 일치하지 않음,"보충할 항목의 제품 콘텐츠 ID가 카탈로그에 있는 ID와 일치하지 않습니다. 보조 피드는 제품 상세 정보만 추가하거나 덮어쓸 수 있으며 항목을 만들거나 삭제할 수 없습니다.",id,"",false,
insp_8ce03c72-f0c0-46fc-a301-73445cbe44aa,202447,Item not uploaded,일부 제품 콘텐츠 ID가 일치하지 않음,"보충할 항목의 제품 콘텐츠 ID가 카탈로그에 있는 ID와 일치하지 않습니다. 보조 피드는 제품 상세 정보만 추가하거나 덮어쓸 수 있으며 항목을 만들거나 삭제할 수 없습니다.",id,"",false,
insp_36a0350f-55bc-4c41-afdb-4891ddac7fee,201763,Item not uploaded,일부 제품 콘텐츠 ID가 일치하지 않음,"보충할 항목의 제품 콘텐츠 ID가 카탈로그에 있는 ID와 일치하지 않습니다. 보조 피드는 제품 상세 정보만 추가하거나 덮어쓸 수 있으며 항목을 만들거나 삭제할 수 없습니다.",id,"",false,
insp_83f8d267-44c4-4615-9a0c-eb49b52b1c12,202759,Item not uploaded,일부 제품 콘텐츠 ID가 일치하지 않음,"보충할 항목의 제품 콘텐츠 ID가 카탈로그에 있는 ID와 일치하지 않습니다. 보조 피드는 제품 상세 정보만 추가하거나 덮어쓸 수 있으며 항목을 만들거나 삭제할 수 없습니다.",id,"",false,
insp_b94c3d20-2772-423b-89d3-4dedd39530a8,202795,Item not uploaded,일부 제품 콘텐츠 ID가 일치하지 않음,"보충할 항목의 제품 콘텐츠 ID가 카탈로그에 있는 ID와 일치하지 않습니다. 보조 피드는 제품 상세 정보만 추가하거나 덮어쓸 수 있으며 항목을 만들거나 삭제할 수 없습니다.",id,"",false,
insp_5e058a38-3c38-4b75-817d-0526ef15117b,202051,Item not uploaded,일부 제품 콘텐츠 ID가 일치하지 않음,"보충할 항목의 제품 콘텐츠 ID가 카탈로그에 있는 ID와 일치하지 않습니다. 보조 피드는 제품 상세 정보만 추가하거나 덮어쓸 수 있으며 항목을 만들거나 삭제할 수 없습니다.",id,"",false,
insp_d7a952b5-d56c-44b0-8f30-ebe73a42a8d2,201835,Item not uploaded,일부 제품 콘텐츠 ID가 일치하지 않음,"보충할 항목의 제품 콘텐츠 ID가 카탈로그에 있는 ID와 일치하지 않습니다. 보조 피드는 제품 상세 정보만 추가하거나 덮어쓸 수 있으며 항목을 만들거나 삭제할 수 없습니다.",id,"",false,
insp_f1e1e38a-baf8-4ffe-b2fa-8771b5cc6b47,202231,Item not uploaded,일부 제품 콘텐츠 ID가 일치하지 않음,"보충할 항목의 제품 콘텐츠 ID가 카탈로그에 있는 ID와 일치하지 않습니다. 보조 피드는 제품 상세 정보만 추가하거나 덮어쓸 수 있으며 항목을 만들거나 삭제할 수 없습니다.",id,"",false,
insp_c2047f92-ae17-4608-9574-1f9aa256745c,202531,Item not uploaded,일부 제품 콘텐츠 ID가 일치하지 않음,"보충할 항목의 제품 콘텐츠 ID가 카탈로그에 있는 ID와 일치하지 않습니다. 보조 피드는 제품 상세 정보만 추가하거나 덮어쓸 수 있으며 항목을 만들거나 삭제할 수 없습니다.",id,"",false,
insp_a10964f2-0121-4dbd-8281-945f4ae6f81a,202627,Item not uploaded,일부 제품 콘텐츠 ID가 일치하지 않음,"보충할 항목의 제품 콘텐츠 ID가 카탈로그에 있는 ID와 일치하지 않습니다. 보조 피드는 제품 상세 정보만 추가하거나 덮어쓸 수 있으며 항목을 만들거나 삭제할 수 없습니다.",id,"",false,
insp_1c542017-8d47-41e8-8866-9a18d71d5c7b,202495,Item not uploaded,일부 제품 콘텐츠 ID가 일치하지 않음,"보충할 항목의 제품 콘텐츠 ID가 카탈로그에 있는 ID와 일치하지 않습니다. 보조 피드는 제품 상세 정보만 추가하거나 덮어쓸 수 있으며 항목을 만들거나 삭제할 수 없습니다.",id,"",false,
insp_89e89637-09df-4d38-b9c9-e65cc3abf655,201739,Item not uploaded,일부 제품 콘텐츠 ID가 일치하지 않음,"보충할 항목의 제품 콘텐츠 ID가 카탈로그에 있는 ID와 일치하지 않습니다. 보조 피드는 제품 상세 정보만 추가하거나 덮어쓸 수 있으며 항목을 만들거나 삭제할 수 없습니다.",id,"",false,
insp_fea3f949-2238-469f-8d9e-2836cb70ae4d,201751,Item not uploaded,일부 제품 콘텐츠 ID가 일치하지 않음,"보충할 항목의 제품 콘텐츠 ID가 카탈로그에 있는 ID와 일치하지 않습니다. 보조 피드는 제품 상세 정보만 추가하거나 덮어쓸 수 있으며 항목을 만들거나 삭제할 수 없습니다.",id,"",false,
insp_d1bc7a58-1150-4dd8-9734-6eb35fee97d4,202723,Item not uploaded,일부 제품 콘텐츠 ID가 일치하지 않음,"보충할 항목의 제품 콘텐츠 ID가 카탈로그에 있는 ID와 일치하지 않습니다. 보조 피드는 제품 상세 정보만 추가하거나 덮어쓸 수 있으며 항목을 만들거나 삭제할 수 없습니다.",id,"",false,
insp_12a9ff5c-7af3-49fb-ad6c-38259e745462,201607,Item not uploaded,일부 제품 콘텐츠 ID가 일치하지 않음,"보충할 항목의 제품 콘텐츠 ID가 카탈로그에 있는 ID와 일치하지 않습니다. 보조 피드는 제품 상세 정보만 추가하거나 덮어쓸 수 있으며 항목을 만들거나 삭제할 수 없습니다.",id,"",false,
insp_ac69c0d5-5be1-4e2f-8643-8a285067fdef,201703,Item not uploaded,일부 제품 콘텐츠 ID가 일치하지 않음,"보충할 항목의 제품 콘텐츠 ID가 카탈로그에 있는 ID와 일치하지 않습니다. 보조 피드는 제품 상세 정보만 추가하거나 덮어쓸 수 있으며 항목을 만들거나 삭제할 수 없습니다.",id,"",false,
insp_04399c93-ca4c-45df-aaae-ae2d95678899,202375,Item not uploaded,일부 제품 콘텐츠 ID가 일치하지 않음,"보충할 항목의 제품 콘텐츠 ID가 카탈로그에 있는 ID와 일치하지 않습니다. 보조 피드는 제품 상세 정보만 추가하거나 덮어쓸 수 있으며 항목을 만들거나 삭제할 수 없습니다.",id,"",false,
insp_815f7ab1-611a-4286-a6d0-2e1a2e7d2847,201967,Item not uploaded,일부 제품 콘텐츠 ID가 일치하지 않음,"보충할 항목의 제품 콘텐츠 ID가 카탈로그에 있는 ID와 일치하지 않습니다. 보조 피드는 제품 상세 정보만 추가하거나 덮어쓸 수 있으며 항목을 만들거나 삭제할 수 없습니다.",id,"",false,
insp_9bcfa722-42ec-4a27-a568-4fd9d580a82c,201727,Item not uploaded,일부 제품 콘텐츠 ID가 일치하지 않음,"보충할 항목의 제품 콘텐츠 ID가 카탈로그에 있는 ID와 일치하지 않습니다. 보조 피드는 제품 상세 정보만 추가하거나 덮어쓸 수 있으며 항목을 만들거나 삭제할 수 없습니다.",id,"",false,
insp_6c42978f-8de7-45ef-858c-7d5ea67a0804,202615,Item not uploaded,일부 제품 콘텐츠 ID가 일치하지 않음,"보충할 항목의 제품 콘텐츠 ID가 카탈로그에 있는 ID와 일치하지 않습니다. 보조 피드는 제품 상세 정보만 추가하거나 덮어쓸 수 있으며 항목을 만들거나 삭제할 수 없습니다.",id,"",false,
insp_23c32442-37c2-4ab2-bd23-e551de713012,202639,Item not uploaded,일부 제품 콘텐츠 ID가 일치하지 않음,"보충할 항목의 제품 콘텐츠 ID가 카탈로그에 있는 ID와 일치하지 않습니다. 보조 피드는 제품 상세 정보만 추가하거나 덮어쓸 수 있으며 항목을 만들거나 삭제할 수 없습니다.",id,"",false,
insp_ad7ce1b9-0069-4d1c-ad1c-fc2df108060a,202435,Item not uploaded,일부 제품 콘텐츠 ID가 일치하지 않음,"보충할 항목의 제품 콘텐츠 ID가 카탈로그에 있는 ID와 일치하지 않습니다. 보조 피드는 제품 상세 정보만 추가하거나 덮어쓸 수 있으며 항목을 만들거나 삭제할 수 없습니다.",id,"",false,
insp_4e903a16-f584-4a22-813f-7ac2cf2c0de5,202483,Item not uploaded,일부 제품 콘텐츠 ID가 일치하지 않음,"보충할 항목의 제품 콘텐츠 ID가 카탈로그에 있는 ID와 일치하지 않습니다. 보조 피드는 제품 상세 정보만 추가하거나 덮어쓸 수 있으며 항목을 만들거나 삭제할 수 없습니다.",id,"",false,
insp_e9aafb62-d50d-4f04-85b7-d9f79309811f,202207,Item not uploaded,일부 제품 콘텐츠 ID가 일치하지 않음,"보충할 항목의 제품 콘텐츠 ID가 카탈로그에 있는 ID와 일치하지 않습니다. 보조 피드는 제품 상세 정보만 추가하거나 덮어쓸 수 있으며 항목을 만들거나 삭제할 수 없습니다.",id,"",false,
insp_3521c1f5-96b6-40bf-99c7-ea546c2ad45a,201919,Item not uploaded,일부 제품 콘텐츠 ID가 일치하지 않음,"보충할 항목의 제품 콘텐츠 ID가 카탈로그에 있는 ID와 일치하지 않습니다. 보조 피드는 제품 상세 정보만 추가하거나 덮어쓸 수 있으며 항목을 만들거나 삭제할 수 없습니다.",id,"",false,
insp_6650d882-9da5-479b-bafb-f7cc0c83c9ce,202279,Item not uploaded,일부 제품 콘텐츠 ID가 일치하지 않음,"보충할 항목의 제품 콘텐츠 ID가 카탈로그에 있는 ID와 일치하지 않습니다. 보조 피드는 제품 상세 정보만 추가하거나 덮어쓸 수 있으며 항목을 만들거나 삭제할 수 없습니다.",id,"",false,
insp_89a3b82e-518f-47b3-89c9-f9524a06c03b,202579,Item not uploaded,일부 제품 콘텐츠 ID가 일치하지 않음,"보충할 항목의 제품 콘텐츠 ID가 카탈로그에 있는 ID와 일치하지 않습니다. 보조 피드는 제품 상세 정보만 추가하거나 덮어쓸 수 있으며 항목을 만들거나 삭제할 수 없습니다.",id,"",false,
insp_cad96df6-71f8-4424-ace9-1bbca84398ef,202507,Item not uploaded,일부 제품 콘텐츠 ID가 일치하지 않음,"보충할 항목의 제품 콘텐츠 ID가 카탈로그에 있는 ID와 일치하지 않습니다. 보조 피드는 제품 상세 정보만 추가하거나 덮어쓸 수 있으며 항목을 만들거나 삭제할 수 없습니다.",id,"",false,
insp_f4c23ccd-f567-41b8-886f-53a4916e972d,202255,Item not uploaded,일부 제품 콘텐츠 ID가 일치하지 않음,"보충할 항목의 제품 콘텐츠 ID가 카탈로그에 있는 ID와 일치하지 않습니다. 보조 피드는 제품 상세 정보만 추가하거나 덮어쓸 수 있으며 항목을 만들거나 삭제할 수 없습니다.",id,"",false,
insp_6d526e5a-5122-4058-abcf-572262c3640c,201883,Item not uploaded,일부 제품 콘텐츠 ID가 일치하지 않음,"보충할 항목의 제품 콘텐츠 ID가 카탈로그에 있는 ID와 일치하지 않습니다. 보조 피드는 제품 상세 정보만 추가하거나 덮어쓸 수 있으며 항목을 만들거나 삭제할 수 없습니다.",id,"",false,
insp_c4610bfd-28ce-47d1-b851-1956a6ca1e74,202747,Item not uploaded,일부 제품 콘텐츠 ID가 일치하지 않음,"보충할 항목의 제품 콘텐츠 ID가 카탈로그에 있는 ID와 일치하지 않습니다. 보조 피드는 제품 상세 정보만 추가하거나 덮어쓸 수 있으며 항목을 만들거나 삭제할 수 없습니다.",id,"",false,
insp_8c9a4397-5434-44b3-91df-e813285fae23,201943,Item not uploaded,일부 제품 콘텐츠 ID가 일치하지 않음,"보충할 항목의 제품 콘텐츠 ID가 카탈로그에 있는 ID와 일치하지 않습니다. 보조 피드는 제품 상세 정보만 추가하거나 덮어쓸 수 있으며 항목을 만들거나 삭제할 수 없습니다.",id,"",false,
insp_5358fc76-5a49-40a4-a2a2-237c53569972,202147,Item not uploaded,일부 제품 콘텐츠 ID가 일치하지 않음,"보충할 항목의 제품 콘텐츠 ID가 카탈로그에 있는 ID와 일치하지 않습니다. 보조 피드는 제품 상세 정보만 추가하거나 덮어쓸 수 있으며 항목을 만들거나 삭제할 수 없습니다.",id,"",false,
insp_5b21b7c0-24dc-4827-b8a7-32093b4df5f6,201859,Item not uploaded,일부 제품 콘텐츠 ID가 일치하지 않음,"보충할 항목의 제품 콘텐츠 ID가 카탈로그에 있는 ID와 일치하지 않습니다. 보조 피드는 제품 상세 정보만 추가하거나 덮어쓸 수 있으며 항목을 만들거나 삭제할 수 없습니다.",id,"",false,
insp_65c4128a-52af-4ce4-ae5d-26ce943255c0,201907,Item not uploaded,일부 제품 콘텐츠 ID가 일치하지 않음,"보충할 항목의 제품 콘텐츠 ID가 카탈로그에 있는 ID와 일치하지 않습니다. 보조 피드는 제품 상세 정보만 추가하거나 덮어쓸 수 있으며 항목을 만들거나 삭제할 수 없습니다.",id,"",false,
insp_cb9ca7a7-4747-4df0-b991-8d5f1efcb0b3,202219,Item not uploaded,일부 제품 콘텐츠 ID가 일치하지 않음,"보충할 항목의 제품 콘텐츠 ID가 카탈로그에 있는 ID와 일치하지 않습니다. 보조 피드는 제품 상세 정보만 추가하거나 덮어쓸 수 있으며 항목을 만들거나 삭제할 수 없습니다.",id,"",false,
insp_238866af-6575-497d-bbea-59245ea9b36a,202171,Item not uploaded,일부 제품 콘텐츠 ID가 일치하지 않음,"보충할 항목의 제품 콘텐츠 ID가 카탈로그에 있는 ID와 일치하지 않습니다. 보조 피드는 제품 상세 정보만 추가하거나 덮어쓸 수 있으며 항목을 만들거나 삭제할 수 없습니다.",id,"",false,
insp_d10b8d2b-43ce-42ef-b356-9de8e5846efc,202183,Item not uploaded,일부 제품 콘텐츠 ID가 일치하지 않음,"보충할 항목의 제품 콘텐츠 ID가 카탈로그에 있는 ID와 일치하지 않습니다. 보조 피드는 제품 상세 정보만 추가하거나 덮어쓸 수 있으며 항목을 만들거나 삭제할 수 없습니다.",id,"",false,
insp_42d594aa-09c7-43ca-82cf-7ada953a739b,202303,Item not uploaded,일부 제품 콘텐츠 ID가 일치하지 않음,"보충할 항목의 제품 콘텐츠 ID가 카탈로그에 있는 ID와 일치하지 않습니다. 보조 피드는 제품 상세 정보만 추가하거나 덮어쓸 수 있으며 항목을 만들거나 삭제할 수 없습니다.",id,"",false,
